<?xml version="1.0" encoding="UTF-8"?>
<!DOCTYPE mapper PUBLIC "-//mybatis.org//DTD Mapper 3.0//EN" "http://mybatis.org/dtd/mybatis-3-mapper.dtd">
<mapper namespace="com.itheima.mp.mapper.UserMapper">
    <update id="updateBalanceByIds">
        UPDATE user SET balance = balance - #{amount} ${ew.customSqlSegment}
    </update>
    <select id="queryUserByIds" resultType="com.itheima.mp.domain.po.User">
        SELECT *
        FROM user
        <if test="ids != null">
            WHERE id IN
            <foreach collection="ids" open="(" close=")" item="id" separator=",">
                #{id}
            </foreach>
        </if>
        LIMIT 10
    </select>
</mapper>
